record_id,record_type,manufacturer,part_number,assembly_or_model,diameter_mm,dimensions_or_geometry,nominal_power_w,rated_voltage_v,inductance_no_pan_uH,inductance_with_pan_uH,equivalent_resistance_no_pan_ohm,equivalent_resistance_with_pan_ohm,measurement_frequency_hz,turns,conductor_or_litz,ferrite_data,temperature_sensor,operating_frequency_hz,price_eur,availability_snapshot,electrical_data_completeness,source_url,notes
REF-INF-170,matched evaluation assembly,Infineon,EVAL-IHW25N140R5L supplied coil,170 mm replaceable cooking coil,170,170 mm coil assembly,,220,,,,,,,,"Not published in listing",Temperature sensor included in coil assembly,"Load curves shown over 0-50 kHz; board is single-ended quasi-resonant",,Manufacturer page active; stock state varies,Partial,"https://www.infineon.com/evaluation-board/EVAL-IHW25N140R5L","Board rated up to 2 kW output; coil designed for the supplied resonant tank. Do not infer standalone coil power or cross-topology compatibility."
REF-INF-SIC-COIL,matched evaluation assembly,Infineon,EVAL_2KW_SiC_IH supplied coil,Coil supplied with 2 kW half-bridge SiC evaluation board,,,,,49,18-20,0.2-0.35,3.6-4.9,Approx 90-150 kHz graph,,,,,"Not established from public summary",100000-150000,,Supplier availability varies,Partial,"https://www.infineon.com/evaluation-board/EVAL-2KW-SIC-IH","L and equivalent R are approximate graph readings; pan-loaded R is system equivalent, not winding DC resistance. Board requires external high-voltage DC supply."
RESEARCH-180-28T,research coil,Research paper,Not a purchasable part,180 mm reference coil,180,"28 turns; 30 mm inner diameter; winding-to-ferrite 4 mm; winding-to-pan 4 mm",,,110,"89.76 cast iron; 81.81 stainless",0.12,"4.21 cast iron; 3.36 stainless",Conditions in paper; not a universal test frequency,28,"66 strands x 0.27 mm litz","Ferrite relative permeability reported as 800",Not reported,Not a product rating,,Research publication,High for published model parameters,"https://www.mdpi.com/2079-9292/12/19/4145","Electrical equivalent values are for the paper's setup and cookware; not a vendor datasheet or approved assembly."
MIDEA-17466000000118,OEM replacement assembly,Midea,17466000000118,Induction coil assembly,180,180 mm,2000,,,,,,,,,Not published,Not published,,19.44,"FixPart listing reported in stock; snapshot may change",Low,"https://fixpart.de/produkt/midea-17466000000118-induktionsplatte","Retail listing states 180 mm and 2000 W; critical electrical parameters not published."
YOULONG-Z303060018,OEM replacement assembly,Youlong,Z303060018,PKM induction coil,180,180 mm,,,,,,,,,,Not published,Not published,,15.85,"FixPart listing reported in stock; snapshot may change",Low,"https://fixpart.de/produkt/youlong-z303060018-induktionsplatte","Retail listing states 180 mm; no nominal coil power or electrical characterization published."
GORENJE-898605,OEM replacement assembly,Hisense Gorenje,898605,GMI1.0 D230-L120,210,210 mm,,,,,,,,,,Not published,Not published,,84.54,"FixPart listing reported in stock; snapshot may change",Low,"https://fixpart.de/produkt/hisense-gorenje-898605-induktionsplatte","Retail listing identifies a 210 mm induction coil; no L/R/frequency data published."
BRAVO-202020001,OEM replacement assembly,Bravo Electric,202020001,Respekta induction heating unit,210,210 mm,,,,,,,,,,Not published,Not published,,17.73,"FixPart listing reported in stock; snapshot may change",Low,"https://fixpart.de/produkt/bravo-electric-202020001-induktionsplatte","Retail listing states 210 mm; no electrical parameters published."
AMICA-8518032,OEM replacement assembly,Amica,8518032,Induction coil G1 160 L-210 L74_78 R80 PET,160,"Listing description: G1 160; L-210; L74_78; R80 PET; exact meanings not established",,,,,,,,,Not published,Not published,,,"Listing found; current stock/price not captured",Low,"https://fixpart.de/produkt/amica-8518032-induktionsplatte","Diameter 160 mm. Preserve manufacturer descriptor verbatim; do not decode undocumented suffixes."
GORENJE-705615,OEM replacement assembly,Hisense Gorenje,705615,BI4 D160 L145 2,160,160 mm,2100,,,,,,,,,Not published,Not published,,,"Price/stock not captured",Low,"https://fixpart.de/produkt/hisense-gorenje-705615-induktionsplatte","Listing states 160 mm and 2100 W; alternative Arpa A25433-0 is shown as an original-identical product by retailer, but equivalence should be verified."
BEKO-162000022,OEM replacement assembly,Beko Grundig Arcelik,162000022,C00888272 145 coil,145,145 mm,,,,,,,,,,Not published,Not published,,,"Price/stock not captured",Low,"https://fixpart.de/produkt/beko-grundig-arcelik-162000022-induktionsplatte","Retail listing states 145 mm; electrical parameters not published."
BEKO-162000261,OEM replacement assembly,Beko Grundig Arcelik,162000261,C00893338 induction coil,,"Diameter not specified in source text reviewed",,,,,,,,,Not published,Not published,,100.27,"FixPart listing reported in stock; snapshot may change",Low,"https://fixpart.de/produkt/beko-grundig-arcelik-162000261-induktionsplatte","Part number and price captured; dimensions and electrical parameters require further lookup."
ELICA-PST0122934,OEM replacement assembly,Elica,PST0122934,Induction coil assembly,,"Dimensions not specified in source text reviewed",,,,,,,,,Not published,Not published,,224.11,"FixPart listing reported in stock; snapshot may change",Low,"https://fixpart.de/produkt/elica-pst0122934-induktionsplatte-kochfeld","Part number and listed price captured; no public electrical specification in listing."
ELECTROLUX-3877612444,OEM replacement assembly,Electrolux AEG,3877612444,Induction coil 210P,,"Manufacturer description: 210P",,,,,,,,,Not published,Not published,,,"Price/stock not captured",Low,"https://fixpart.de/produkt/electrolux-aeg-3877612444-induktionsplatte","Exact dimensions and electrical characteristics need additional source confirmation."
WHIRLPOOL-481010549107,OEM replacement assembly,Whirlpool Indesit,481010549107 / C00312205,Heizelement 145-210 mm,,"Retailer describes 145-210 mm range",,,,,,,,,Not published,Not published,,119.86,"FixPart listing reported in stock; snapshot may change",Low,"https://fixpart.de/produkt/whirlpool-indesit-481010549107-induktionsplatte?economy=1","Listing wording may refer to a variable-zone induction assembly; verify exact construction and geometry from the service parts catalogue."
LEX-EVI640F-LEFT,OEM service-manual assembly,LEX,1060077,180 x 180 mm coil with thermistor left side,,"180 x 180 mm assembly",,,,,,,,,NTC/thermistor listed,Not published,,,"Service manual only; retail sourcing not checked",Low,"https://www.manualslib.com/manual/1633781/Lex-Evi-640f.html","Service manual identifies left coil with thermistor; electrical values not published in inspected extract."
LEX-EVI640F-RIGHT,OEM service-manual assembly,LEX,1060089,180 x 180 mm coil with thermistor right side,,"180 x 180 mm assembly",,,,,,,,,NTC/thermistor listed,Not published,,,"Service manual only; retail sourcing not checked",Low,"https://www.manualslib.com/manual/1633781/Lex-Evi-640f.html","Service manual identifies right coil with thermistor; don't assume left/right assemblies are interchangeable."
SAMSUNG-17466000000117,OEM service-parts reference,Samsung / Midea,17466000000117,180 mm coil groupware with coil,180,180 mm groupware with coil,,,,,,,,,Temperature sensor listed separately in parts table for some model families,Not published,,,"Service manual reference; current availability not checked",Low,"https://www.manualslib.com/manual/2506905/Samsung-Nz63r3727bk.html","Part number appears in service-parts table. Confirm model/region applicability and sensor integration before sourcing."
SAMSUNG-17466000000085,OEM service-parts reference,Samsung / Midea,17466000000085,280 mm coil groupware with coil,280,280 mm groupware with coil,,,,,,,,,,Not published,,,"Service manual reference; current availability not checked",Low,"https://www.manualslib.com/manual/2506905/Samsung-Nz63r3727bk.html","Large-zone assembly listed in the service parts table; exact electrical data absent."
AEG-140056039062,Exclude / verify construction,AEG,140056039062,Fixed 180 mm 230 V 2000 W radiant hotplate,180,Fixed solid hotplate,2000,230,,,,,,,,,,,56.69,"Official store listing available",Not an induction coil,"https://shop.aeg.de/kochgerate/herde-backofen-kochfelder/heizelemente/kochplatte-fest-180mm-230v-2000w/p/140056039062","Explicitly a fixed conventional hotplate, NOT an induction coil. Kept as an exclusion example so similarly named search results are not accidentally imported."
